aarav.sharma,Password@123
riya.verma,Password@123
advik.menon,Password@123
diya.kapoor,Password@123
arjun.nair,Password@123
saanvi.iyer,Password@123
kabir.reddy,Password@123
anaya.rao,Password@123
vivaan.shetty,Password@123
myra.singh,Password@123
devansh.jain,Password@123
isha.patel,Password@123
krish.goel,Password@123
tara.mehra,Password@123
om.arora,Password@123
zara.chopra,Password@123
aryan.shah,Password@123
navya.bose,Password@123
anirudh.sen,Password@123
meera.khurana,Password@123
ishan.gupta,Password@123
lavanya.krishnan,Password@123
rehan.khan,Password@123
aadhya.joshi,Password@123
samar.bajaj,Password@123
kriti.bhatt,Password@123
yash.malhotra,Password@123
prisha.singhal,Password@123
karan.desai,Password@123
tanya.bhattacharya,Password@123
aarav.sharma,Password@123
riya.verma,Password@123
advik.menon,Password@123
diya.kapoor,Password@123
arjun.nair,Password@123
saanvi.iyer,Password@123
kabir.reddy,Password@123
anaya.rao,Password@123
vivaan.shetty,Password@123
myra.singh,Password@123
devansh.jain,Password@123
isha.patel,Password@123
krish.goel,Password@123
tara.mehra,Password@123
om.arora,Password@123
zara.chopra,Password@123
aryan.shah,Password@123
navya.bose,Password@123
anirudh.sen,Password@123
meera.khurana,Password@123
ishan.gupta,Password@123
lavanya.krishnan,Password@123
rehan.khan,Password@123
aadhya.joshi,Password@123
samar.bajaj,Password@123
kriti.bhatt,Password@123
yash.malhotra,Password@123
prisha.singhal,Password@123
karan.desai,Password@123
tanya.bhattacharya,Password@123
aarav.sharma,Password@123
riya.verma,Password@123
advik.menon,Password@123
diya.kapoor,Password@123
arjun.nair,Password@123
saanvi.iyer,Password@123
kabir.reddy,Password@123
anaya.rao,Password@123
vivaan.shetty,Password@123
myra.singh,Password@123
devansh.jain,Password@123
isha.patel,Password@123
krish.goel,Password@123
tara.mehra,Password@123
om.arora,Password@123
zara.chopra,Password@123
aryan.shah,Password@123
navya.bose,Password@123
anirudh.sen,Password@123
meera.khurana,Password@123
ishan.gupta,Password@123
lavanya.krishnan,Password@123
rehan.khan,Password@123
aadhya.joshi,Password@123
samar.bajaj,Password@123
kriti.bhatt,Password@123
yash.malhotra,Password@123
prisha.singhal,Password@123
karan.desai,Password@123
tanya.bhattacharya,Password@123
aarav.sharma,Password@123
riya.verma,Password@123
advik.menon,Password@123
diya.kapoor,Password@123
arjun.nair,Password@123
saanvi.iyer,Password@123
kabir.reddy,Password@123
anaya.rao,Password@123
vivaan.shetty,Password@123
myra.singh,Password@123
devansh.jain,Password@123
isha.patel,Password@123
krish.goel,Password@123
tara.mehra,Password@123
om.arora,Password@123
zara.chopra,Password@123
aryan.shah,Password@123
navya.bose,Password@123
anirudh.sen,Password@123
meera.khurana,Password@123
ishan.gupta,Password@123
lavanya.krishnan,Password@123
rehan.khan,Password@123
aadhya.joshi,Password@123
samar.bajaj,Password@123
kriti.bhatt,Password@123
yash.malhotra,Password@123
prisha.singhal,Password@123
karan.desai,Password@123
tanya.bhattacharya,Password@123
aarav.sharma,Password@123
riya.verma,Password@123
advik.menon,Password@123
diya.kapoor,Password@123
arjun.nair,Password@123
saanvi.iyer,Password@123
kabir.reddy,Password@123
anaya.rao,Password@123
vivaan.shetty,Password@123
myra.singh,Password@123
devansh.jain,Password@123
isha.patel,Password@123
krish.goel,Password@123
tara.mehra,Password@123
om.arora,Password@123
zara.chopra,Password@123
aryan.shah,Password@123
navya.bose,Password@123
anirudh.sen,Password@123
meera.khurana,Password@123
ishan.gupta,Password@123
lavanya.krishnan,Password@123
rehan.khan,Password@123
aadhya.joshi,Password@123
samar.bajaj,Password@123
kriti.bhatt,Password@123
yash.malhotra,Password@123
prisha.singhal,Password@123
karan.desai,Password@123
tanya.bhattacharya,Password@123
aarav.sharma,Password@123
riya.verma,Password@123
advik.menon,Password@123
diya.kapoor,Password@123
arjun.nair,Password@123
saanvi.iyer,Password@123
kabir.reddy,Password@123
anaya.rao,Password@123
vivaan.shetty,Password@123
myra.singh,Password@123
devansh.jain,Password@123
isha.patel,Password@123
krish.goel,Password@123
tara.mehra,Password@123
om.arora,Password@123
zara.chopra,Password@123
aryan.shah,Password@123
navya.bose,Password@123
anirudh.sen,Password@123
meera.khurana,Password@123
ishan.gupta,Password@123
lavanya.krishnan,Password@123
rehan.khan,Password@123
aadhya.joshi,Password@123
samar.bajaj,Password@123
kriti.bhatt,Password@123
yash.malhotra,Password@123
prisha.singhal,Password@123
karan.desai,Password@123
tanya.bhattacharya,Password@123
aarav.sharma,Password@123
riya.verma,Password@123
advik.menon,Password@123
diya.kapoor,Password@123
arjun.nair,Password@123
saanvi.iyer,Password@123
kabir.reddy,Password@123
anaya.rao,Password@123
vivaan.shetty,Password@123
myra.singh,Password@123
devansh.jain,Password@123
isha.patel,Password@123
krish.goel,Password@123
tara.mehra,Password@123
om.arora,Password@123
zara.chopra,Password@123
aryan.shah,Password@123
navya.bose,Password@123
anirudh.sen,Password@123
meera.khurana,Password@123
ishan.gupta,Password@123
lavanya.krishnan,Password@123
rehan.khan,Password@123
aadhya.joshi,Password@123
samar.bajaj,Password@123
kriti.bhatt,Password@123
yash.malhotra,Password@123
prisha.singhal,Password@123
karan.desai,Password@123
tanya.bhattacharya,Password@123
aarav.sharma,Password@123
riya.verma,Password@123
advik.menon,Password@123
diya.kapoor,Password@123
arjun.nair,Password@123
saanvi.iyer,Password@123
kabir.reddy,Password@123
anaya.rao,Password@123
vivaan.shetty,Password@123
myra.singh,Password@123
devansh.jain,Password@123
isha.patel,Password@123
krish.goel,Password@123
tara.mehra,Password@123
om.arora,Password@123
zara.chopra,Password@123
aryan.shah,Password@123
navya.bose,Password@123
anirudh.sen,Password@123
meera.khurana,Password@123
ishan.gupta,Password@123
lavanya.krishnan,Password@123
rehan.khan,Password@123
aadhya.joshi,Password@123
samar.bajaj,Password@123
kriti.bhatt,Password@123
yash.malhotra,Password@123
prisha.singhal,Password@123
karan.desai,Password@123
tanya.bhattacharya,Password@123
aarav.sharma,Password@123
riya.verma,Password@123
advik.menon,Password@123
diya.kapoor,Password@123
arjun.nair,Password@123
saanvi.iyer,Password@123
kabir.reddy,Password@123
anaya.rao,Password@123
vivaan.shetty,Password@123
myra.singh,Password@123
devansh.jain,Password@123
isha.patel,Password@123
krish.goel,Password@123
tara.mehra,Password@123
om.arora,Password@123
zara.chopra,Password@123
aryan.shah,Password@123
navya.bose,Password@123
anirudh.sen,Password@123
meera.khurana,Password@123
ishan.gupta,Password@123
lavanya.krishnan,Password@123
rehan.khan,Password@123
aadhya.joshi,Password@123
samar.bajaj,Password@123
kriti.bhatt,Password@123
yash.malhotra,Password@123
prisha.singhal,Password@123
karan.desai,Password@123
tanya.bhattacharya,Password@123
aarav.sharma,Password@123
riya.verma,Password@123
advik.menon,Password@123
diya.kapoor,Password@123
arjun.nair,Password@123
saanvi.iyer,Password@123
kabir.reddy,Password@123
anaya.rao,Password@123
vivaan.shetty,Password@123
myra.singh,Password@123
devansh.jain,Password@123
isha.patel,Password@123
krish.goel,Password@123
tara.mehra,Password@123
om.arora,Password@123
zara.chopra,Password@123
aryan.shah,Password@123
navya.bose,Password@123
anirudh.sen,Password@123
meera.khurana,Password@123
ishan.gupta,Password@123
lavanya.krishnan,Password@123
rehan.khan,Password@123
aadhya.joshi,Password@123
samar.bajaj,Password@123
kriti.bhatt,Password@123
yash.malhotra,Password@123
prisha.singhal,Password@123
karan.desai,Password@123
tanya.bhattacharya,Password@123
aarav.sharma,Password@123
riya.verma,Password@123
advik.menon,Password@123
diya.kapoor,Password@123
arjun.nair,Password@123
saanvi.iyer,Password@123
kabir.reddy,Password@123
anaya.rao,Password@123
vivaan.shetty,Password@123
myra.singh,Password@123
devansh.jain,Password@123
isha.patel,Password@123
krish.goel,Password@123
tara.mehra,Password@123
om.arora,Password@123
zara.chopra,Password@123
aryan.shah,Password@123
navya.bose,Password@123
anirudh.sen,Password@123
meera.khurana,Password@123
ishan.gupta,Password@123
lavanya.krishnan,Password@123
rehan.khan,Password@123
aadhya.joshi,Password@123
samar.bajaj,Password@123
kriti.bhatt,Password@123
yash.malhotra,Password@123
prisha.singhal,Password@123
karan.desai,Password@123
tanya.bhattacharya,Password@123
aarav.sharma,Password@123
riya.verma,Password@123
advik.menon,Password@123
diya.kapoor,Password@123
arjun.nair,Password@123
saanvi.iyer,Password@123
kabir.reddy,Password@123
anaya.rao,Password@123
vivaan.shetty,Password@123
myra.singh,Password@123
devansh.jain,Password@123
isha.patel,Password@123
krish.goel,Password@123
tara.mehra,Password@123
om.arora,Password@123
zara.chopra,Password@123
aryan.shah,Password@123
navya.bose,Password@123
anirudh.sen,Password@123
meera.khurana,Password@123
ishan.gupta,Password@123
lavanya.krishnan,Password@123
rehan.khan,Password@123
aadhya.joshi,Password@123
samar.bajaj,Password@123
kriti.bhatt,Password@123
yash.malhotra,Password@123
prisha.singhal,Password@123
karan.desai,Password@123
tanya.bhattacharya,Password@123
aarav.sharma,Password@123
riya.verma,Password@123
advik.menon,Password@123
diya.kapoor,Password@123
arjun.nair,Password@123
saanvi.iyer,Password@123
kabir.reddy,Password@123
anaya.rao,Password@123
vivaan.shetty,Password@123
myra.singh,Password@123
devansh.jain,Password@123
isha.patel,Password@123
krish.goel,Password@123
tara.mehra,Password@123
om.arora,Password@123
zara.chopra,Password@123
aryan.shah,Password@123
navya.bose,Password@123
anirudh.sen,Password@123
meera.khurana,Password@123
ishan.gupta,Password@123
lavanya.krishnan,Password@123
rehan.khan,Password@123
aadhya.joshi,Password@123
samar.bajaj,Password@123
kriti.bhatt,Password@123
yash.malhotra,Password@123
prisha.singhal,Password@123
karan.desai,Password@123
tanya.bhattacharya,Password@123
aarav.sharma,Password@123
riya.verma,Password@123
advik.menon,Password@123
diya.kapoor,Password@123
arjun.nair,Password@123
saanvi.iyer,Password@123
kabir.reddy,Password@123
anaya.rao,Password@123
vivaan.shetty,Password@123
myra.singh,Password@123
devansh.jain,Password@123
isha.patel,Password@123
krish.goel,Password@123
tara.mehra,Password@123
om.arora,Password@123
zara.chopra,Password@123
aryan.shah,Password@123
navya.bose,Password@123
anirudh.sen,Password@123
meera.khurana,Password@123
ishan.gupta,Password@123
lavanya.krishnan,Password@123
rehan.khan,Password@123
aadhya.joshi,Password@123
samar.bajaj,Password@123
kriti.bhatt,Password@123
yash.malhotra,Password@123
prisha.singhal,Password@123
karan.desai,Password@123
tanya.bhattacharya,Password@123
aarav.sharma,Password@123
riya.verma,Password@123
advik.menon,Password@123
diya.kapoor,Password@123
arjun.nair,Password@123
saanvi.iyer,Password@123
kabir.reddy,Password@123
anaya.rao,Password@123
vivaan.shetty,Password@123
myra.singh,Password@123
devansh.jain,Password@123
isha.patel,Password@123
krish.goel,Password@123
tara.mehra,Password@123
om.arora,Password@123
zara.chopra,Password@123
aryan.shah,Password@123
navya.bose,Password@123
anirudh.sen,Password@123
meera.khurana,Password@123
ishan.gupta,Password@123
lavanya.krishnan,Password@123
rehan.khan,Password@123
aadhya.joshi,Password@123
samar.bajaj,Password@123
kriti.bhatt,Password@123
yash.malhotra,Password@123
prisha.singhal,Password@123
karan.desai,Password@123
tanya.bhattacharya,Password@123
aarav.sharma,Password@123
riya.verma,Password@123
advik.menon,Password@123
diya.kapoor,Password@123
arjun.nair,Password@123
saanvi.iyer,Password@123
kabir.reddy,Password@123
anaya.rao,Password@123
vivaan.shetty,Password@123
myra.singh,Password@123
devansh.jain,Password@123
isha.patel,Password@123
krish.goel,Password@123
tara.mehra,Password@123
om.arora,Password@123
zara.chopra,Password@123
aryan.shah,Password@123
navya.bose,Password@123
anirudh.sen,Password@123
meera.khurana,Password@123
ishan.gupta,Password@123
lavanya.krishnan,Password@123
rehan.khan,Password@123
aadhya.joshi,Password@123
samar.bajaj,Password@123
kriti.bhatt,Password@123
yash.malhotra,Password@123
prisha.singhal,Password@123
karan.desai,Password@123
tanya.bhattacharya,Password@123
aarav.sharma,Password@123
riya.verma,Password@123
advik.menon,Password@123
diya.kapoor,Password@123
arjun.nair,Password@123
saanvi.iyer,Password@123
kabir.reddy,Password@123
anaya.rao,Password@123
vivaan.shetty,Password@123
myra.singh,Password@123
devansh.jain,Password@123
isha.patel,Password@123
krish.goel,Password@123
tara.mehra,Password@123
om.arora,Password@123
zara.chopra,Password@123
aryan.shah,Password@123
navya.bose,Password@123
anirudh.sen,Password@123
meera.khurana,Password@123
ishan.gupta,Password@123
lavanya.krishnan,Password@123
rehan.khan,Password@123
aadhya.joshi,Password@123
samar.bajaj,Password@123
kriti.bhatt,Password@123
yash.malhotra,Password@123
prisha.singhal,Password@123
karan.desai,Password@123
tanya.bhattacharya,Password@123
